{
    "split_type": "unique_digits",
    "protocol": "crowdsource",
    "seed": 76,
    "num_trainers": 2,
    "unique_digits": [
        5,
        6,
        7,
        8,
        9
    ],
    "contract_address": "0xD44958BD891253ec1CE24416b02E987eC52029CC",
    "trainers": [
        "Bob",
        "Carol"
    ],
    "global_loss": [
        2.302964687347412,
        0.9069351553916931,
        0.44152069091796875,
        0.3164127469062805
    ],
    "final_global_accuracy": 0.8967,
    "token_counts": {
        "Bob": [
            1020742446184158336,
            1967941671609878528,
            2996311426162719744
        ],
        "Carol": [
            375023394823074368,
            1289004474878311232,
            2246922969818115264
        ]
    },
    "total_token_counts": [
        1395765841007232704,
        3256946146488189760,
        5243234395980835008
    ]
}