{
    "split_type": "equal",
    "protocol": "crowdsource",
    "seed": 76,
    "num_trainers": 5,
    "contract_address": "0x281DF032742B3F599190F4ef2B804B7E66A57298",
    "trainers": [
        "Bob",
        "Carol",
        "David",
        "Eve",
        "Frank"
    ],
    "global_loss": [
        2.3075807094573975,
        0.8040811419487,
        0.33473002910614014,
        0.24347256124019623
    ],
    "final_global_accuracy": 0.9292,
    "token_counts": {
        "Bob": [
            298292687535285952,
            691968039671580032,
            1102416884154081408
        ],
        "Carol": [
            299647675951321920,
            692895836631457024,
            1103282940636078464
        ],
        "David": [
            300252150495847040,
            688599941631158208,
            1099470086892445824
        ],
        "Eve": [
            310726988315582272,
            713077709575494080,
            1131447721272706880
        ],
        "Frank": [
            289700283606847104,
            680049161116282112,
            1089201560616493120
        ]
    },
    "total_token_counts": [
        1498619785904884288,
        3466590688625971456,
        5525819193571805696
    ]
}