{
    "split_type": "equal",
    "protocol": "crowdsource",
    "seed": 32,
    "num_trainers": 2,
    "contract_address": "0x53176249C840618Aacb9048728130e7556865433",
    "trainers": [
        "Bob",
        "Carol"
    ],
    "global_loss": [
        2.302548885345459,
        0.2864874303340912,
        0.16046051681041718,
        0.10900864005088806
    ],
    "final_global_accuracy": 0.9688,
    "token_counts": {
        "Bob": [
            998396515846252416,
            2066101804375648512,
            3159365706145763456
        ],
        "Carol": [
            1017817050218582144,
            2092352241277694720,
            3192780695855617536
        ]
    },
    "total_token_counts": [
        2016213566064834560,
        4158454045653343232,
        6352146402001380992
    ]
}