{
    "split_type": "flip",
    "protocol": "crowdsource",
    "seed": 76,
    "num_trainers": 3,
    "flip_probs": [
        0.3,
        0,
        0
    ],
    "contract_address": "0xeA3188A5D8662FEB0C5A806E14315A7ec10994Ad",
    "trainers": [
        "Bob",
        "Carol",
        "David"
    ],
    "global_loss": [
        2.3039491176605225,
        0.5015337467193604,
        0.2804346978664398,
        0.20443212985992432
    ],
    "final_global_accuracy": 0.9505,
    "token_counts": {
        "Bob": [
            341145818432172096,
            848530555764834048,
            1386136015256245824
        ],
        "Carol": [
            727068324883778944,
            1481931010882059776,
            2260846984883149440
        ],
        "David": [
            732953165968259200,
            1492972041169802368,
            2274719459315140992
        ]
    },
    "total_token_counts": [
        1801167309284210240,
        3823433607816696192,
        5921702459454536256
    ]
}