{
    "split_type": "flip",
    "protocol": "crowdsource",
    "seed": 32,
    "num_trainers": 3,
    "flip_probs": [
        0.1,
        0,
        0
    ],
    "contract_address": "0x3992C9ED35F3ED4f531f08e16125Af66B59f88a9",
    "trainers": [
        "Bob",
        "Carol",
        "David"
    ],
    "global_loss": [
        2.304213762283325,
        0.41826683282852173,
        0.24905483424663544,
        0.1776769906282425
    ],
    "final_global_accuracy": 0.9512,
    "token_counts": {
        "Bob": [
            552148024241129536,
            1179040590922037696,
            1835150755941867840
        ],
        "Carol": [
            666996325055758080,
            1376853490869204096,
            2108589053153991680
        ],
        "David": [
            665289754668871552,
            1382186184326807680,
            2119364432990551040
        ]
    },
    "total_token_counts": [
        1884434103965759168,
        3938080266118049472,
        6063104242086410560
    ]
}