{
    "split_type": "flip",
    "protocol": "crowdsource",
    "seed": 88,
    "num_trainers": 3,
    "flip_probs": [
        0.5,
        0,
        0
    ],
    "contract_address": "0x2D162A563b63d598316D68B53731C616886ddC7A",
    "trainers": [
        "Bob",
        "Carol",
        "David"
    ],
    "global_loss": [
        2.30342435836792,
        0.671393632888794,
        0.30323487520217896,
        0.22754280269145966
    ],
    "final_global_accuracy": 0.9496,
    "token_counts": {
        "Bob": [
            0,
            365609824657440192,
            779687407116095232
        ],
        "Carol": [
            897369548678398080,
            1714986734092235520,
            2544844816128412800
        ],
        "David": [
            891371831297874432,
            1707610942423343616,
            2538833471635977344
        ]
    },
    "total_token_counts": [
        1788741379976272512,
        3788207501173019328,
        5863365694880485376
    ]
}