{
    "split_type": "size",
    "protocol": "crowdsource",
    "seed": 32,
    "num_trainers": 3,
    "ratios": [
        1,
        4,
        4
    ],
    "contract_address": "0xC3a17a8C0777ff541b09340dA3E83481292A44AB",
    "trainers": [
        "Bob",
        "Carol",
        "David"
    ],
    "global_loss": [
        2.306004524230957,
        0.5534612536430359,
        0.223861962556839,
        0.1533556580543518
    ],
    "final_global_accuracy": 0.9548,
    "token_counts": {
        "Bob": [
            0,
            595573489864667264,
            1264473930001258880
        ],
        "Carol": [
            915692225098609920,
            1648585838576157952,
            2386114038527011840
        ],
        "David": [
            952674642205238400,
            1703046602507432448,
            2445963300764560768
        ]
    },
    "total_token_counts": [
        1868366867303848320,
        3947205930948257664,
        6096551269292831488
    ]
}