{
    "split_type": "flip",
    "protocol": "crowdsource",
    "seed": 88,
    "num_trainers": 3,
    "flip_probs": [
        0.1,
        0,
        0
    ],
    "contract_address": "0xFbf284eBA3C5A0bE158CA4e024E60cEacdcb893a",
    "trainers": [
        "Bob",
        "Carol",
        "David"
    ],
    "global_loss": [
        2.3053243160247803,
        0.40908026695251465,
        0.2414369434118271,
        0.17287421226501465
    ],
    "final_global_accuracy": 0.9536,
    "token_counts": {
        "Bob": [
            571431527535120640,
            1206355892121791872,
            1864439877370993280
        ],
        "Carol": [
            657758454481760640,
            1371364802122116096,
            2107904332379500032
        ],
        "David": [
            664430628220240256,
            1377163998782634752,
            2112367257475852928
        ]
    },
    "total_token_counts": [
        1893620610237121536,
        3954884693026542720,
        6084711467226346240
    ]
}