{
    "split_type": "unique_digits",
    "protocol": "crowdsource",
    "seed": 32,
    "num_trainers": 3,
    "unique_digits": [
        5,
        6,
        7,
        8,
        9
    ],
    "contract_address": "0x52Ad186A86b863822f62b3C86a13Ad0fEb302cA1",
    "trainers": [
        "Bob",
        "Carol",
        "David"
    ],
    "global_loss": [
        2.3075127601623535,
        2.5081191062927246,
        1.3369700908660889,
        0.8578012585639954
    ],
    "final_global_accuracy": 0.6679,
    "token_counts": {
        "Bob": [
            2188941041628519424,
            4004516273736953344,
            5602982039252916736
        ],
        "Carol": [
            0,
            0,
            0
        ],
        "David": [
            0,
            0,
            0
        ]
    },
    "total_token_counts": [
        2188941041628519424,
        4004516273736953344,
        5602982039252916736
    ]
}