{
    "split_type": "flip",
    "protocol": "crowdsource",
    "seed": 32,
    "num_trainers": 3,
    "flip_probs": [
        0.3,
        0,
        0
    ],
    "contract_address": "0xe2035f7eE5A2C28AE82c373a49ce9cdfDcbfED39",
    "trainers": [
        "Bob",
        "Carol",
        "David"
    ],
    "global_loss": [
        2.303009271621704,
        0.4978943467140198,
        0.2762170433998108,
        0.20512861013412476
    ],
    "final_global_accuracy": 0.9476,
    "token_counts": {
        "Bob": [
            330193186799685184,
            839648733536402432,
            1388542229930559872
        ],
        "Carol": [
            736299480001131648,
            1490721660355726848,
            2262573326627413376
        ],
        "David": [
            738313982884089088,
            1500920208791891712,
            2277747432390848768
        ]
    },
    "total_token_counts": [
        1804806649684905920,
        3831290602684020992,
        5928862988948822016
    ]
}