{
    "split_type": "unique_digits",
    "protocol": "crowdsource",
    "seed": 32,
    "num_trainers": 2,
    "unique_digits": [
        5,
        6,
        7,
        8,
        9
    ],
    "contract_address": "0x9911aD41a35d10F9AA73e7f557c9a766bAc22421",
    "trainers": [
        "Bob",
        "Carol"
    ],
    "global_loss": [
        2.301825761795044,
        1.0353482961654663,
        0.47138482332229614,
        0.34184765815734863
    ],
    "final_global_accuracy": 0.8923,
    "token_counts": {
        "Bob": [
            884946167469024640,
            1832937031984329216,
            2852556139230728192
        ],
        "Carol": [
            382406532764434816,
            1265731841325759872,
            2206966072320938112
        ]
    },
    "total_token_counts": [
        1267352700233459456,
        3098668873310089088,
        5059522211551666304
    ]
}