{
    "split_type": "size",
    "protocol": "crowdsource",
    "seed": 88,
    "num_trainers": 3,
    "ratios": [
        1,
        4,
        4
    ],
    "contract_address": "0xaA759791B16C2AA2ABCF6DD8eaB1583F681d26C7",
    "trainers": [
        "Bob",
        "Carol",
        "David"
    ],
    "global_loss": [
        2.3011293411254883,
        0.5525091290473938,
        0.21799753606319427,
        0.1572738140821457
    ],
    "final_global_accuracy": 0.9541,
    "token_counts": {
        "Bob": [
            0,
            626011021435260800,
            1312277885774771328
        ],
        "Carol": [
            946989680329958528,
            1679515677193800576,
            2408878845473130496
        ],
        "David": [
            938421661655108096,
            1664588148395220352,
            2394385298093159808
        ]
    },
    "total_token_counts": [
        1885411341985066624,
        3970114847024281728,
        6115542029341061632
    ]
}