{
    "split_type": "equal",
    "protocol": "crowdsource",
    "seed": 88,
    "num_trainers": 2,
    "contract_address": "0x4FCb1Ec452b9185f57fbc2962c487B40ed0E3918",
    "trainers": [
        "Bob",
        "Carol"
    ],
    "global_loss": [
        2.3109631538391113,
        0.2863478660583496,
        0.16002881526947021,
        0.1105709820985794
    ],
    "final_global_accuracy": 0.9686,
    "token_counts": {
        "Bob": [
            971215754747390720,
            2022325202822685184,
            3107984218746423680
        ],
        "Carol": [
            1045137375593185408,
            2136700108647346432,
            3243171107023954304
        ]
    },
    "total_token_counts": [
        2016353130340576128,
        4159025311470031616,
        6351155325770377984
    ]
}