{
    "split_type": "size",
    "protocol": "crowdsource",
    "seed": 32,
    "num_trainers": 3,
    "ratios": [
        4,
        1,
        1
    ],
    "contract_address": "0x7e36995B032b655f245d29dD7726c59f0Ab8F357",
    "trainers": [
        "Bob",
        "Carol",
        "David"
    ],
    "global_loss": [
        2.306004524230957,
        0.5541054010391235,
        0.22200150787830353,
        0.15058963000774384
    ],
    "final_global_accuracy": 0.9568,
    "token_counts": {
        "Bob": [
            996941899259885184,
            1758406509955724160,
            2507288950184981120
        ],
        "Carol": [
            364000891645749376,
            1023051311572392704,
            1724637920657793664
        ],
        "David": [
            387652744849522880,
            1047837172945340480,
            1749479490021864640
        ]
    },
    "total_token_counts": [
        1748595535755157440,
        3829294994473457344,
        5981406360864639424
    ]
}