{
    "split_type": "flip",
    "protocol": "crowdsource",
    "seed": 32,
    "num_trainers": 3,
    "flip_probs": [
        0.4,
        0,
        0
    ],
    "contract_address": "0xbC1D815d4F7BCc532056F90F3b6Ff4d9652AfD90",
    "trainers": [
        "Bob",
        "Carol",
        "David"
    ],
    "global_loss": [
        2.301631212234497,
        0.539792001247406,
        0.29515835642814636,
        0.2173684537410736
    ],
    "final_global_accuracy": 0.9474,
    "token_counts": {
        "Bob": [
            190384487311045312,
            632537439465522752,
            1120869333545366912
        ],
        "Carol": [
            783217827479044608,
            1562227547168731776,
            2357176410655180672
        ],
        "David": [
            789306680361429760,
            1575686648488044672,
            2377738433579603712
        ]
    },
    "total_token_counts": [
        1762908995151519680,
        3770451635122299200,
        5855784177780151296
    ]
}