{
    "split_type": "flip",
    "protocol": "crowdsource",
    "seed": 88,
    "num_trainers": 3,
    "flip_probs": [
        0.2,
        0,
        0
    ],
    "contract_address": "0xEbC5caD96cAFb379B37E23E7db8683a0552eAebE",
    "trainers": [
        "Bob",
        "Carol",
        "David"
    ],
    "global_loss": [
        2.306877851486206,
        0.45003026723861694,
        0.2614518404006958,
        0.18925203382968903
    ],
    "final_global_accuracy": 0.9524,
    "token_counts": {
        "Bob": [
            482916697859764096,
            1057920252283414208,
            1660422417024771392
        ],
        "Carol": [
            682724371552467328,
            1416198444863160448,
            2172694514195124352
        ],
        "David": [
            687029659748077440,
            1419801188011964288,
            2174251906573772544
        ]
    },
    "total_token_counts": [
        1852670729160308864,
        3893919885158538944,
        6007368837793668288
    ]
}