{
    "split_type": "flip",
    "protocol": "crowdsource",
    "seed": 32,
    "num_trainers": 3,
    "flip_probs": [
        0.2,
        0,
        0
    ],
    "contract_address": "0x21BE559cE1F000Edca3e537de39590aF9be8f106",
    "trainers": [
        "Bob",
        "Carol",
        "David"
    ],
    "global_loss": [
        2.2997257709503174,
        0.4753382205963135,
        0.27389824390411377,
        0.20051933825016022
    ],
    "final_global_accuracy": 0.9464,
    "token_counts": {
        "Bob": [
            448323006431261696,
            1013652443885803264,
            1614419159789880192
        ],
        "Carol": [
            690755883852640768,
            1419021874666214016,
            2166817148526509696
        ],
        "David": [
            688283885518709760,
            1423491229613621888,
            2177110897998014976
        ]
    },
    "total_token_counts": [
        1827362775802612224,
        3856165548165639168,
        5958347206314404864
    ]
}