{
    "split_type": "flip",
    "protocol": "crowdsource",
    "seed": 76,
    "num_trainers": 3,
    "flip_probs": [
        0.1,
        0,
        0
    ],
    "contract_address": "0x8ce1C7B4E630868836cB356bAF99323C974Fc8c7",
    "trainers": [
        "Bob",
        "Carol",
        "David"
    ],
    "global_loss": [
        2.3028202056884766,
        0.44973990321159363,
        0.25147539377212524,
        0.17981772124767303
    ],
    "final_global_accuracy": 0.9521,
    "token_counts": {
        "Bob": [
            542055283983548544,
            1169414058327674880,
            1820311928788820864
        ],
        "Carol": [
            651851793130238848,
            1364966072142124160,
            2104745465020338688
        ],
        "David": [
            659054016073544832,
            1369806565344333568,
            2102012577156225664
        ]
    },
    "total_token_counts": [
        1852961093187332224,
        3904186695814132608,
        6027069970965385216
    ]
}