{
    "split_type": "flip",
    "protocol": "crowdsource",
    "seed": 88,
    "num_trainers": 3,
    "flip_probs": [
        0.3,
        0,
        0
    ],
    "contract_address": "0x9363C6567286fb0D6336BC9aDeC3edc9f7C15117",
    "trainers": [
        "Bob",
        "Carol",
        "David"
    ],
    "global_loss": [
        2.3049800395965576,
        0.48425906896591187,
        0.29233673214912415,
        0.21461158990859985
    ],
    "final_global_accuracy": 0.9461,
    "token_counts": {
        "Bob": [
            384730940063794432,
            894563232858975680,
            1439158864319324416
        ],
        "Carol": [
            716855188210805248,
            1467395698030789632,
            2239718414843082368
        ],
        "David": [
            716855828960736640,
            1466847290595372544,
            2238018319010734592
        ]
    },
    "total_token_counts": [
        1818441957235336320,
        3828806221485137856,
        5916895598173141376
    ]
}