{
    "split_type": "unique_digits",
    "protocol": "crowdsource",
    "seed": 32,
    "num_trainers": 3,
    "unique_digits": [
        9
    ],
    "contract_address": "0x863f2d62E26B7E284bC59aBb768E627e2f76F7F2",
    "trainers": [
        "Bob",
        "Carol",
        "David"
    ],
    "global_loss": [
        2.3053271770477295,
        0.8952228426933289,
        0.5528882145881653,
        0.4388026297092438
    ],
    "final_global_accuracy": 0.8407,
    "token_counts": {
        "Bob": [
            0,
            0,
            0
        ],
        "Carol": [
            1734429935614268160,
            3274019579092661760,
            4805166959762573312
        ],
        "David": [
            1742115358511607040,
            3277458588282267392,
            4791352778673171968
        ]
    },
    "total_token_counts": [
        3476545294125875200,
        6551478167374929152,
        9596519738435745280
    ]
}