{
    "split_type": "equal",
    "protocol": "crowdsource",
    "seed": 32,
    "num_trainers": 5,
    "contract_address": "0x56e4219cE8774F21FF30816807cb217C227109ED",
    "trainers": [
        "Bob",
        "Carol",
        "David",
        "Eve",
        "Frank"
    ],
    "global_loss": [
        2.3058173656463623,
        0.6853299140930176,
        0.310405433177948,
        0.22589924931526184
    ],
    "final_global_accuracy": 0.9334,
    "token_counts": {
        "Bob": [
            330539504686991360,
            729302588105201664,
            1145691823462645120
        ],
        "Carol": [
            320267756779988608,
            713405507802963264,
            1124544595927000128
        ],
        "David": [
            322820509473482752,
            722541784743467968,
            1136320619781811968
        ],
        "Eve": [
            327353979150454144,
            724751949807008000,
            1139983803282181248
        ],
        "Frank": [
            316389285524686208,
            719664768377939968,
            1139927428960800320
        ]
    },
    "total_token_counts": [
        1617371035615603072,
        3609666598836580864,
        5686468271414438784
    ]
}