{
    "split_type": "size",
    "protocol": "crowdsource",
    "seed": 32,
    "num_trainers": 3,
    "ratios": [
        1,
        2,
        2
    ],
    "contract_address": "0x4662CF123438824955bf6184375fA053e4725c80",
    "trainers": [
        "Bob",
        "Carol",
        "David"
    ],
    "global_loss": [
        2.306004524230957,
        0.37673962116241455,
        0.2119881808757782,
        0.14923693239688873
    ],
    "final_global_accuracy": 0.9565,
    "token_counts": {
        "Bob": [
            505648881196975680,
            1173063397407531712,
            1876359385748704320
        ],
        "Carol": [
            706652358174324096,
            1414765454828739200,
            2136512358983357824
        ],
        "David": [
            713660135865211520,
            1428845338523387904,
            2157266539831956224
        ]
    },
    "total_token_counts": [
        1925961375236511296,
        4016674190759658816,
        6170138284564018368
    ]
}