{
    "split_type": "flip",
    "protocol": "crowdsource",
    "seed": 76,
    "num_trainers": 3,
    "flip_probs": [
        0.4,
        0,
        0
    ],
    "contract_address": "0x8805180c36a36e6e1853b32405eA3D127598f50F",
    "trainers": [
        "Bob",
        "Carol",
        "David"
    ],
    "global_loss": [
        2.3063066005706787,
        0.4919297397136688,
        0.30536067485809326,
        0.2304178923368454
    ],
    "final_global_accuracy": 0.9429,
    "token_counts": {
        "Bob": [
            291603277126948032,
            739370112617810560,
            1221039968232313792
        ],
        "Carol": [
            754749308029810560,
            1527155277629693312,
            2321419050296147584
        ],
        "David": [
            764418671528498304,
            1541586158176263168,
            2337935594220956160
        ]
    },
    "total_token_counts": [
        1810771256685256896,
        3808111548423767040,
        5880394612749417536
    ]
}