{
    "split_type": "size",
    "protocol": "crowdsource",
    "seed": 76,
    "num_trainers": 3,
    "ratios": [
        1,
        2,
        2
    ],
    "contract_address": "0xD3956E6870e7866Cd2b3e903559189D1C8817775",
    "trainers": [
        "Bob",
        "Carol",
        "David"
    ],
    "global_loss": [
        2.306011438369751,
        0.4233568012714386,
        0.23228955268859863,
        0.16678626835346222
    ],
    "final_global_accuracy": 0.9511,
    "token_counts": {
        "Bob": [
            451018025477727232,
            1112070093552271488,
            1809030758837858816
        ],
        "Carol": [
            709978764255841664,
            1415499108533064704,
            2133934895197550592
        ],
        "David": [
            718347405393918336,
            1422186406950155904,
            2142704683045546240
        ]
    },
    "total_token_counts": [
        1879344195127487232,
        3949755609035492096,
        6085670337080955648
    ]
}