{
    "split_type": "flip",
    "protocol": "crowdsource",
    "seed": 76,
    "num_trainers": 3,
    "flip_probs": [
        0.5,
        0,
        0
    ],
    "contract_address": "0x6e355C3ae7Ff1D00224050DA6A83DBb361AD27d3",
    "trainers": [
        "Bob",
        "Carol",
        "David"
    ],
    "global_loss": [
        2.3043270111083984,
        0.6334987282752991,
        0.3264088034629822,
        0.24515300989151
    ],
    "final_global_accuracy": 0.9428,
    "token_counts": {
        "Bob": [
            0,
            356845517953236864,
            754134528338909120
        ],
        "Carol": [
            841771468520164480,
            1651040896773338368,
            2480487289528051968
        ],
        "David": [
            847031801939010560,
            1657209028800328576,
            2488021612167358336
        ]
    },
    "total_token_counts": [
        1688803270459175040,
        3665095443526903808,
        5722643430034319424
    ]
}