{
    "split_type": "size",
    "protocol": "crowdsource",
    "seed": 76,
    "num_trainers": 3,
    "ratios": [
        1,
        4,
        4
    ],
    "contract_address": "0x8aD48F5AcDf7eB9f7F016d62aB0906662580d125",
    "trainers": [
        "Bob",
        "Carol",
        "David"
    ],
    "global_loss": [
        2.306011438369751,
        0.6058250069618225,
        0.24057388305664062,
        0.17104539275169373
    ],
    "final_global_accuracy": 0.9492,
    "token_counts": {
        "Bob": [
            0,
            644477427005767808,
            1337916115919748864
        ],
        "Carol": [
            922879596551259392,
            1616486338277657856,
            2321691073477268224
        ],
        "David": [
            959824120004971904,
            1683867019911607168,
            2416879199445247616
        ]
    },
    "total_token_counts": [
        1882703716556231296,
        3944830785195032832,
        6076486388842264704
    ]
}