{
    "split_type": "flip",
    "protocol": "crowdsource",
    "seed": 88,
    "num_trainers": 3,
    "flip_probs": [
        0.4,
        0,
        0
    ],
    "contract_address": "0xaF4EBF9E23f1Dd10F708d33ea76Fa353CD4baaD4",
    "trainers": [
        "Bob",
        "Carol",
        "David"
    ],
    "global_loss": [
        2.3040738105773926,
        0.5279688239097595,
        0.31687721610069275,
        0.23738993704319
    ],
    "final_global_accuracy": 0.9408,
    "token_counts": {
        "Bob": [
            254183774193127936,
            685549606879552192,
            1155698587497075392
        ],
        "Carol": [
            762143547336260480,
            1538319299618403072,
            2334252859155336960
        ],
        "David": [
            758404831091562880,
            1536687056223551360,
            2335915545622507648
        ]
    },
    "total_token_counts": [
        1774732152620951296,
        3760555962721506624,
        5825866992274920000
    ]
}