{
    "split_type": "unique_digits",
    "protocol": "crowdsource",
    "seed": 76,
    "num_trainers": 3,
    "unique_digits": [
        5,
        6,
        7,
        8,
        9
    ],
    "contract_address": "0xfcE6a3cCB7543f0ea009Ccc085f1552293203a80",
    "trainers": [
        "Bob",
        "Carol",
        "David"
    ],
    "global_loss": [
        2.302870988845825,
        2.4230175018310547,
        1.3188722133636475,
        0.8704561591148376
    ],
    "final_global_accuracy": 0.6726,
    "token_counts": {
        "Bob": [
            2084208607673645056,
            3824278573195139584,
            5400722409288088576
        ],
        "Carol": [
            0,
            0,
            0
        ],
        "David": [
            0,
            0,
            0
        ]
    },
    "total_token_counts": [
        2084208607673645056,
        3824278573195139584,
        5400722409288088576
    ]
}