{
    "split_type": "size",
    "protocol": "crowdsource",
    "seed": 88,
    "num_trainers": 3,
    "ratios": [
        1,
        2,
        2
    ],
    "contract_address": "0x1Ef29A279663F391Ee8BE092d12137Df8Bb4B309",
    "trainers": [
        "Bob",
        "Carol",
        "David"
    ],
    "global_loss": [
        2.3011293411254883,
        0.396385133266449,
        0.2185841053724289,
        0.1570443958044052
    ],
    "final_global_accuracy": 0.9536,
    "token_counts": {
        "Bob": [
            466527904073397312,
            1124346276124318400,
            1819995942215124800
        ],
        "Carol": [
            729555139938990208,
            1447531630595524992,
            2173653120795885696
        ],
        "David": [
            710232729713122048,
            1418554758032162944,
            2142440202335516672
        ]
    },
    "total_token_counts": [
        1906315773725509568,
        3990432664752006336,
        6136089265346527168
    ]
}