{
    "split_type": "unique_digits",
    "protocol": "crowdsource",
    "seed": 88,
    "num_trainers": 2,
    "unique_digits": [
        5,
        6,
        7,
        8,
        9
    ],
    "contract_address": "0x4581D8EDA6d6ee3Df47010dEeeFb2e7A2BEc664A",
    "trainers": [
        "Bob",
        "Carol"
    ],
    "global_loss": [
        2.306490182876587,
        1.0756593942642212,
        0.521355926990509,
        0.37523388862609863
    ],
    "final_global_accuracy": 0.8804,
    "token_counts": {
        "Bob": [
            1234865367412567040,
            2501974016427993600,
            3875610858201980416
        ],
        "Carol": [
            0,
            514236420392990144,
            1068066686391830464
        ]
    },
    "total_token_counts": [
        1234865367412567040,
        3016210436820983744,
        4943677544593810880
    ]
}