{
    "split_type": "size",
    "protocol": "crowdsource",
    "seed": 88,
    "num_trainers": 3,
    "ratios": [
        2,
        1,
        1
    ],
    "contract_address": "0xE948f6dD37f3C1c200442AADC8fbb20aBa232D4E",
    "trainers": [
        "Bob",
        "Carol",
        "David"
    ],
    "global_loss": [
        2.3011293411254883,
        0.4248255789279938,
        0.22768332064151764,
        0.1614421308040619
    ],
    "final_global_accuracy": 0.9522,
    "token_counts": {
        "Bob": [
            733674223224321920,
            1458265962700049024,
            2196833009521166464
        ],
        "Carol": [
            531768957773844352,
            1167093108097712128,
            1833666870991388928
        ],
        "David": [
            612432236472765568,
            1327534022430578816,
            2063652078310648576
        ]
    },
    "total_token_counts": [
        1877875417470931840,
        3952893093228339968,
        6094151958823203968
    ]
}