{
    "split_type": "equal",
    "protocol": "crowdsource",
    "seed": 32,
    "num_trainers": 4,
    "contract_address": "0x962D210CFDF10ba1B111bBb227f5525c4E797535",
    "trainers": [
        "Bob",
        "Carol",
        "David",
        "Eve"
    ],
    "global_loss": [
        2.3055033683776855,
        0.4626806676387787,
        0.2606438100337982,
        0.19316616654396057
    ],
    "final_global_accuracy": 0.9421,
    "token_counts": {
        "Bob": [
            464938712616761536,
            975495907167593600,
            1507101265092690688
        ],
        "Carol": [
            444761916995048448,
            954618389407793600,
            1480703217287858304
        ],
        "David": [
            456259417037169088,
            958169070382912960,
            1477535123626391232
        ],
        "Eve": [
            474060364067554496,
            993794230123360768,
            1526272830863793408
        ]
    },
    "total_token_counts": [
        1840020410716533568,
        3882077597081660928,
        5991612436870733632
    ]
}