{
    "split_type": "size",
    "protocol": "crowdsource",
    "seed": 32,
    "num_trainers": 3,
    "ratios": [
        2,
        1,
        1
    ],
    "contract_address": "0xd5e49eb3B200c4d267Bb39d73cE8830e142aA3d2",
    "trainers": [
        "Bob",
        "Carol",
        "David"
    ],
    "global_loss": [
        2.306004524230957,
        0.3913864195346832,
        0.2213040292263031,
        0.15428228676319122
    ],
    "final_global_accuracy": 0.9549,
    "token_counts": {
        "Bob": [
            741718426346778880,
            1468160870174566912,
            2202738791704177920
        ],
        "Carol": [
            562662765383720384,
            1226215663055578816,
            1921349421143531840
        ],
        "David": [
            606933295726776064,
            1298334921399752192,
            2017041951417922944
        ]
    },
    "total_token_counts": [
        1911314487457275328,
        3992711454629897920,
        6141130164265632704
    ]
}