{
    "split_type": "equal",
    "protocol": "crowdsource",
    "seed": 76,
    "num_trainers": 2,
    "contract_address": "0xec54d33f7d2A1d53038481bCcF444ba4C0da6fAF",
    "trainers": [
        "Bob",
        "Carol"
    ],
    "global_loss": [
        2.3023853302001953,
        0.3277953267097473,
        0.1855718195438385,
        0.12454953789710999
    ],
    "final_global_accuracy": 0.963,
    "token_counts": {
        "Bob": [
            1002246677875518848,
            2044713437557220480,
            3122807528823614080
        ],
        "Carol": [
            972658991813659648,
            2047321408987045248,
            3147378776222467328
        ]
    },
    "total_token_counts": [
        1974905669689178496,
        4092034846544265728,
        6270186305046081408
    ]
}