{
    "split_type": "equal",
    "protocol": "crowdsource",
    "seed": 76,
    "num_trainers": 4,
    "contract_address": "0x9423Fd7883799c6b68806D17b601b8AEd9281aB4",
    "trainers": [
        "Bob",
        "Carol",
        "David",
        "Eve"
    ],
    "global_loss": [
        2.3015518188476562,
        0.48854565620422363,
        0.2827770411968231,
        0.2086733877658844
    ],
    "final_global_accuracy": 0.9397,
    "token_counts": {
        "Bob": [
            450833295782407168,
            961070321500301504,
            1491325044383605632
        ],
        "Carol": [
            474972846607367232,
            986751114328702400,
            1509286276996135872
        ],
        "David": [
            443173264463742592,
            943298118809859008,
            1464293760557969408
        ],
        "Eve": [
            445176015297571840,
            942959792912006336,
            1463201844443877440
        ]
    },
    "total_token_counts": [
        1814155422151088832,
        3834079347550869248,
        5928106926381588352
    ]
}