{
    "split_type": "size",
    "protocol": "crowdsource",
    "seed": 76,
    "num_trainers": 3,
    "ratios": [
        2,
        1,
        1
    ],
    "contract_address": "0x7FC9Fe94436B2Dd4D22aeEAbcF12aA6b06558309",
    "trainers": [
        "Bob",
        "Carol",
        "David"
    ],
    "global_loss": [
        2.306011438369751,
        0.42973238229751587,
        0.24261093139648438,
        0.17277948558330536
    ],
    "final_global_accuracy": 0.9494,
    "token_counts": {
        "Bob": [
            747505456209182720,
            1458216225107510912,
            2175841306646664960
        ],
        "Carol": [
            568767443299293504,
            1249326926966508224,
            1958579925199349696
        ],
        "David": [
            556695684790611264,
            1225515541930993472,
            1928558972974618304
        ]
    },
    "total_token_counts": [
        1872968584299087488,
        3933058694005012608,
        6062980204820632960
    ]
}