{
    "split_type": "unique_digits",
    "protocol": "crowdsource",
    "seed": 88,
    "num_trainers": 3,
    "unique_digits": [
        9
    ],
    "contract_address": "0x3D1139df7d808D7269741d7594D6971BD9339d0b",
    "trainers": [
        "Bob",
        "Carol",
        "David"
    ],
    "global_loss": [
        2.3037328720092773,
        0.933541476726532,
        0.5231686234474182,
        0.36910516023635864
    ],
    "final_global_accuracy": 0.8613,
    "token_counts": {
        "Bob": [
            0,
            0,
            0
        ],
        "Carol": [
            1788661678632100352,
            3360998719930648832,
            4927895913521448960
        ],
        "David": [
            1799358030160268032,
            3356023609638214144,
            4899934550126393600
        ]
    },
    "total_token_counts": [
        3588019708792368384,
        6717022329568862976,
        9827830463647842560
    ]
}