{
    "split_type": "unique_digits",
    "protocol": "crowdsource",
    "seed": 76,
    "num_trainers": 2,
    "unique_digits": [
        7,
        8,
        9
    ],
    "contract_address": "0x96945492693962e48170bDb53A400e682AbC043D",
    "trainers": [
        "Bob",
        "Carol"
    ],
    "global_loss": [
        2.3060550689697266,
        1.28304922580719,
        0.5696151852607727,
        0.3777971565723419
    ],
    "final_global_accuracy": 0.8799,
    "token_counts": {
        "Bob": [
            0,
            0,
            0
        ],
        "Carol": [
            2416077554225921536,
            4782117873430252032,
            6892726674675941376
        ]
    },
    "total_token_counts": [
        2416077554225921536,
        4782117873430252032,
        6892726674675941376
    ]
}