{
    "split_type": "equal",
    "protocol": "crowdsource",
    "seed": 88,
    "num_trainers": 4,
    "contract_address": "0x4FC43654062f88446a62573380B333cA9dB6af47",
    "trainers": [
        "Bob",
        "Carol",
        "David",
        "Eve"
    ],
    "global_loss": [
        2.305828094482422,
        0.5063651204109192,
        0.2758491337299347,
        0.19782233238220215
    ],
    "final_global_accuracy": 0.9428,
    "token_counts": {
        "Bob": [
            466529446343580928,
            993023817737897152,
            1536838557571172672
        ],
        "Carol": [
            464641200999418944,
            975861599047978816,
            1507533758878708032
        ],
        "David": [
            411320013304551424,
            879473154743512448,
            1369309441496928448
        ],
        "Eve": [
            453845274945100160,
            974829246600468992,
            1514384727925062272
        ]
    },
    "total_token_counts": [
        1796335935592651456,
        3823187818129857408,
        5928066485871871424
    ]
}