{
    "split_type": "unique_digits",
    "protocol": "crowdsource",
    "seed": 32,
    "num_trainers": 2,
    "unique_digits": [
        9
    ],
    "contract_address": "0x14512CC2F135561b0823e65454C5278098bD3eA1",
    "trainers": [
        "Bob",
        "Carol"
    ],
    "global_loss": [
        2.3027751445770264,
        2.3994791507720947,
        0.6963225603103638,
        0.30135899782180786
    ],
    "final_global_accuracy": 0.916,
    "token_counts": {
        "Bob": [
            0,
            0,
            0
        ],
        "Carol": [
            3219152987003326464,
            7295656144618988032,
            10764002710580825600
        ]
    },
    "total_token_counts": [
        3219152987003326464,
        7295656144618988032,
        10764002710580825600
    ]
}