{
    "split_type": "flip",
    "protocol": "crowdsource",
    "seed": 32,
    "num_trainers": 3,
    "flip_probs": [
        0.5,
        0,
        0
    ],
    "contract_address": "0x609FB63cC060d8a0b0F3E175aE3BE8bAA8A19850",
    "trainers": [
        "Bob",
        "Carol",
        "David"
    ],
    "global_loss": [
        2.3037054538726807,
        0.5239019989967346,
        0.29263219237327576,
        0.22396813333034515
    ],
    "final_global_accuracy": 0.9489,
    "token_counts": {
        "Bob": [
            122516532739003488,
            495656110346317280,
            913400612771511072
        ],
        "Carol": [
            823508222897847552,
            1637784716983636224,
            2465790395935376512
        ],
        "David": [
            832774301369985024,
            1655427073438962432,
            2488409725328286592
        ]
    },
    "total_token_counts": [
        1778799057006836064,
        3788867900768915936,
        5867600734035174176
    ]
}