{
    "split_type": "equal",
    "protocol": "crowdsource",
    "seed": 88,
    "num_trainers": 3,
    "contract_address": "0x08DB6b187497143D79E3EEC243b6Fe399b4686fc",
    "trainers": [
        "Bob",
        "Carol",
        "David"
    ],
    "global_loss": [
        2.3011293411254883,
        0.36793234944343567,
        0.21898722648620605,
        0.1548570841550827
    ],
    "final_global_accuracy": 0.9559,
    "token_counts": {
        "Bob": [
            657672549287478144,
            1353934442003568000,
            2068722185989220864
        ],
        "Carol": [
            632342065374056448,
            1325545241435368832,
            2043306959172089856
        ],
        "David": [
            644754002491633024,
            1339002713561058048,
            2054297178983688320
        ]
    },
    "total_token_counts": [
        1934768617153167616,
        4018482396999994880,
        6166326324144999040
    ]
}