{
    "split_type": "flip",
    "protocol": "crowdsource",
    "seed": 76,
    "num_trainers": 3,
    "flip_probs": [
        0.2,
        0,
        0
    ],
    "contract_address": "0x089760810eEB20CaC8D0e0FDD6562A072809F4BC",
    "trainers": [
        "Bob",
        "Carol",
        "David"
    ],
    "global_loss": [
        2.3002750873565674,
        0.4389130771160126,
        0.26170623302459717,
        0.19192393124103546
    ],
    "final_global_accuracy": 0.951,
    "token_counts": {
        "Bob": [
            485504865646362304,
            1057398354013760896,
            1652772831420103808
        ],
        "Carol": [
            684960544109344512,
            1421405938764413312,
            2182524720827738624
        ],
        "David": [
            693322539329528832,
            1425978389879067776,
            2180262195567290112
        ]
    },
    "total_token_counts": [
        1863787949085235648,
        3904782682657241984,
        6015559747815132544
    ]
}