{
    "split_type": "equal",
    "protocol": "crowdsource",
    "seed": 76,
    "num_trainers": 3,
    "contract_address": "0xdB37E886dc6Bf845afA38e023A2daE960Dd897B7",
    "trainers": [
        "Bob",
        "Carol",
        "David"
    ],
    "global_loss": [
        2.306011438369751,
        0.3830346167087555,
        0.23196162283420563,
        0.16704407334327698
    ],
    "final_global_accuracy": 0.9506,
    "token_counts": {
        "Bob": [
            654394974311192832,
            1352102446059385984,
            2066413069764773120
        ],
        "Carol": [
            629028399785359744,
            1316993008057276544,
            2030540344615777408
        ],
        "David": [
            636242975791295360,
            1321310269335905792,
            2029109242061774080
        ]
    },
    "total_token_counts": [
        1919666349887847936,
        3990405723452568320,
        6126062656442324608
    ]
}