{
    "split_type": "equal",
    "protocol": "crowdsource",
    "seed": 88,
    "num_trainers": 5,
    "contract_address": "0x6CEf3df7cF17f94860A4FeEbf8EcD3D3a6955824",
    "trainers": [
        "Bob",
        "Carol",
        "David",
        "Eve",
        "Frank"
    ],
    "global_loss": [
        2.302532911300659,
        0.6950095891952515,
        0.31510865688323975,
        0.2350846379995346
    ],
    "final_global_accuracy": 0.9318,
    "token_counts": {
        "Bob": [
            315056816736857088,
            707728710273901632,
            1118802011509736320
        ],
        "Carol": [
            324550917744636544,
            722972533106803904,
            1137622305502494144
        ],
        "David": [
            332065717379252160,
            735390018920103872,
            1152668030063311424
        ],
        "Eve": [
            333308613300323456,
            733714605867862656,
            1146857298413912320
        ],
        "Frank": [
            302709282437960320,
            695477884511152960,
            1106950447460015744
        ]
    },
    "total_token_counts": [
        1607691347599029568,
        3595283752679825024,
        5662900092949469952
    ]
}