{
    "split_type": "size",
    "protocol": "crowdsource",
    "seed": 76,
    "num_trainers": 3,
    "ratios": [
        4,
        1,
        1
    ],
    "contract_address": "0x61cab92084EA705619D10F5AA92749b121685Ef2",
    "trainers": [
        "Bob",
        "Carol",
        "David"
    ],
    "global_loss": [
        2.306011438369751,
        0.6316074728965759,
        0.2442355751991272,
        0.17217662930488586
    ],
    "final_global_accuracy": 0.9492,
    "token_counts": {
        "Bob": [
            1038431003689765888,
            1811665604511896704,
            2573572340110937728
        ],
        "Carol": [
            331544652581214912,
            986169065038363072,
            1676034654180208832
        ],
        "David": [
            301117847363154112,
            931724255283673536,
            1610476282735665600
        ]
    },
    "total_token_counts": [
        1671093503634134912,
        3729558924833933312,
        5860083277026812160
    ]
}