{
    "split_type": "equal",
    "protocol": "crowdsource",
    "seed": 32,
    "num_trainers": 3,
    "contract_address": "0xb8BeaD0B179125980276A93685136edBEe2DFC97",
    "trainers": [
        "Bob",
        "Carol",
        "David"
    ],
    "global_loss": [
        2.306004524230957,
        0.3577572703361511,
        0.2134212851524353,
        0.1509121209383011
    ],
    "final_global_accuracy": 0.9552,
    "token_counts": {
        "Bob": [
            642465576529502848,
            1338157420357068416,
            2056128658354282368
        ],
        "Carol": [
            646354764699935872,
            1337328461309273984,
            2049127466976642560
        ],
        "David": [
            656123355031013504,
            1358737525840600320,
            2080756157636642432
        ]
    },
    "total_token_counts": [
        1944943696260452224,
        4034223407506942720,
        6186012282967567360
    ]
}