{
    "split_type": "size",
    "protocol": "crowdsource",
    "seed": 88,
    "num_trainers": 3,
    "ratios": [
        4,
        1,
        1
    ],
    "contract_address": "0x30EcFDaA2fC2854D82fBFDB10F74449ED0C6b3Cf",
    "trainers": [
        "Bob",
        "Carol",
        "David"
    ],
    "global_loss": [
        2.3011293411254883,
        0.5712411403656006,
        0.2256021499633789,
        0.1555003970861435
    ],
    "final_global_accuracy": 0.9546,
    "token_counts": {
        "Bob": [
            1007089709242184832,
            1776647557814915840,
            2532580802838007552
        ],
        "Carol": [
            396350932617982208,
            1047743563850720640,
            1738877827922503168
        ],
        "David": [
            328019194304943104,
            984167516231536896,
            1684300636251767552
        ]
    },
    "total_token_counts": [
        1731459836165110144,
        3808558637897173376,
        5955759267012278272
    ]
}