{
    "split_type": "equal",
    "protocol": "crowdsource",
    "seed": 88,
    "num_trainers": 3,
    "contract_address": "0xd8c4756f628200cf49A36a7340aEfbaF86B21269",
    "trainers": [
        "Bob",
        "Carol",
        "David"
    ],
    "global_loss": [
        2.302611827850342,
        0.4089137613773346,
        0.2370782047510147
    ],
    "final_global_accuracy": 0.9309,
    "token_counts": {
        "Bob": [
            668621068199475584,
            1370821639895439104,
            1370821639895439104
        ],
        "Carol": [
            610713129242261248,
            1275755502283573120,
            1275755502283573120
        ],
        "David": [
            614453067382176768,
            1312832899391651200,
            1312832899391651200
        ]
    }
}